{
  "mean": [
    79.23818817597788,
    67.07227418631139,
    57.054490636336894,
    40.79916110707445
  ],
  "var": [
    68.6266580059549,
    92.227406822002,
    59.62878388360189,
    68.33898205601822
  ]
}